{"cameraMode":{"drawMode":0,"name":"Shaded","section":"Shading Mode"},"sceneLighting":false,"audioPlay":false,"sceneViewState":{"showFog":true,"showMaterialUpdate":false,"showSkybox":false,"showFlares":true,"showImageEffects":true,"showParticleSystems":true},"in2DMode":false,"pivot":{"x":0.000004540652298601344,"y":0.0000013364960977924057,"z":0.000003694789484143257},"rotation":{"x":-0.10380633175373078,"y":0.283051997423172,"z":-0.030237728729844095,"w":-0.9531674981117249},"size":0.00005715767838410102,"orthographic":false}