{"cameraMode":{"drawMode":0,"name":"Shaded","section":"Shading Mode"},"sceneLighting":false,"audioPlay":false,"sceneViewState":{"showFog":true,"showMaterialUpdate":false,"showSkybox":false,"showFlares":true,"showImageEffects":true,"showParticleSystems":true},"in2DMode":false,"pivot":{"x":-3.8618550300598146,"y":3.7826662063598635,"z":2.4233384132385256},"rotation":{"x":-0.0765843391418457,"y":0.9192948937416077,"z":-0.22380761802196504,"w":-0.314571738243103},"size":22.0,"orthographic":false}