{"cameraMode":{"drawMode":0,"name":"Shaded","section":"Shading Mode"},"sceneLighting":false,"audioPlay":false,"sceneViewState":{"showFog":true,"showMaterialUpdate":false,"showSkybox":false,"showFlares":true,"showImageEffects":true,"showParticleSystems":true},"in2DMode":false,"pivot":{"x":8.044343948364258,"y":11.92363166809082,"z":33.12989807128906},"rotation":{"x":0.18514004349708558,"y":-0.6540537476539612,"z":0.16963684558868409,"w":0.7136062979698181},"size":4.713343143463135,"orthographic":false}