{"cameraMode":{"drawMode":0,"name":"Shaded","section":"Shading Mode"},"sceneLighting":false,"audioPlay":false,"sceneViewState":{"showFog":true,"showMaterialUpdate":false,"showSkybox":false,"showFlares":true,"showImageEffects":true,"showParticleSystems":true},"in2DMode":false,"pivot":{"x":17.799999237060548,"y":4.800000190734863,"z":-32.099998474121097},"rotation":{"x":0.1870487630367279,"y":-0.7246266007423401,"z":0.21606531739234925,"w":0.6271507740020752},"size":4.041658401489258,"orthographic":false}