{"cameraMode":{"drawMode":0,"name":"Shaded","section":"Shading Mode"},"sceneLighting":false,"audioPlay":false,"sceneViewState":{"showFog":true,"showMaterialUpdate":false,"showSkybox":false,"showFlares":true,"showImageEffects":true,"showParticleSystems":true},"in2DMode":false,"pivot":{"x":-0.33496642112731936,"y":5.304060935974121,"z":-0.7641171216964722},"rotation":{"x":0.13638761639595033,"y":0.5727054476737976,"z":-0.09727680683135987,"w":0.8025194406509399},"size":4.001241683959961,"orthographic":false}