{"cameraMode":{"drawMode":0,"name":"Shaded","section":"Shading Mode"},"sceneLighting":false,"audioPlay":false,"sceneViewState":{"showFog":true,"showMaterialUpdate":false,"showSkybox":false,"showFlares":true,"showImageEffects":true,"showParticleSystems":true},"in2DMode":false,"pivot":{"x":-3.8618550300598146,"y":3.7826662063598635,"z":2.4233384132385256},"rotation":{"x":0.1870487630367279,"y":-0.7246266007423401,"z":0.21606531739234925,"w":0.6271507740020752},"size":22.0,"orthographic":false}