{"cameraMode":{"drawMode":0,"name":"Shaded","section":"Shading Mode"},"sceneLighting":false,"audioPlay":false,"sceneViewState":{"showFog":true,"showMaterialUpdate":false,"showSkybox":false,"showFlares":true,"showImageEffects":true,"showParticleSystems":true},"in2DMode":false,"pivot":{"x":-3.8618550300598146,"y":3.7826662063598635,"z":2.4233384132385256},"rotation":{"x":0.20918171107769013,"y":-0.6133335828781128,"z":0.17287930846214295,"w":0.7417874932289124},"size":22.0,"orthographic":false}