{"cameraMode":{"drawMode":0,"name":"Shaded","section":"Shading Mode"},"sceneLighting":false,"audioPlay":false,"sceneViewState":{"showFog":true,"showMaterialUpdate":false,"showSkybox":false,"showFlares":true,"showImageEffects":true,"showParticleSystems":true},"in2DMode":false,"pivot":{"x":-3.8618550300598146,"y":3.7826662063598635,"z":2.4233384132385256},"rotation":{"x":0.19385148584842683,"y":-0.6103226542472839,"z":0.15731443464756013,"w":0.751833438873291},"size":22.0,"orthographic":false}