{"cameraMode":{"drawMode":0,"name":"Shaded","section":"Shading Mode"},"sceneLighting":false,"audioPlay":false,"sceneViewState":{"showFog":true,"showMaterialUpdate":false,"showSkybox":false,"showFlares":true,"showImageEffects":true,"showParticleSystems":true},"in2DMode":false,"pivot":{"x":0.0,"y":6.728199005126953,"z":0.4765493869781494},"rotation":{"x":0.22103120386600495,"y":-0.47672080993652346,"z":0.12515930831432343,"w":0.8416006565093994},"size":4.128022193908691,"orthographic":false}