{"cameraMode":{"drawMode":0,"name":"Shaded","section":"Shading Mode"},"sceneLighting":false,"audioPlay":false,"sceneViewState":{"showFog":true,"showMaterialUpdate":false,"showSkybox":false,"showFlares":true,"showImageEffects":true,"showParticleSystems":true},"in2DMode":false,"pivot":{"x":10.148462295532227,"y":1.8274015188217164,"z":-4.034088611602783},"rotation":{"x":-0.012657977640628815,"y":-0.9856171607971191,"z":0.08627989143133164,"w":-0.14501087367534638},"size":1.8392210006713868,"orthographic":false}