{"cameraMode":{"drawMode":0,"name":"Shaded","section":"Shading Mode"},"sceneLighting":false,"audioPlay":false,"sceneViewState":{"showFog":true,"showMaterialUpdate":false,"showSkybox":false,"showFlares":true,"showImageEffects":true,"showParticleSystems":true},"in2DMode":false,"pivot":{"x":13.840145111083985,"y":0.958219587802887,"z":-4.5520853996276859},"rotation":{"x":-0.03416355326771736,"y":-0.9303339123725891,"z":0.08989300578832627,"w":-0.3539877235889435},"size":2.9568023681640627,"orthographic":false}