{"cameraMode":{"drawMode":0,"name":"Shaded","section":"Shading Mode"},"sceneLighting":false,"audioPlay":false,"sceneViewState":{"showFog":true,"showMaterialUpdate":false,"showSkybox":false,"showFlares":true,"showImageEffects":true,"showParticleSystems":true},"in2DMode":false,"pivot":{"x":13.99644660949707,"y":2.4466028213500978,"z":-4.383737564086914},"rotation":{"x":0.12365809082984925,"y":-0.6434134840965271,"z":0.10632717609405518,"w":0.7479932308197022},"size":1.1786264181137086,"orthographic":false}