{"cameraMode":{"drawMode":0,"name":"Shaded","section":"Shading Mode"},"sceneLighting":false,"audioPlay":false,"sceneViewState":{"showFog":true,"showMaterialUpdate":false,"showSkybox":false,"showFlares":true,"showImageEffects":true,"showParticleSystems":true},"in2DMode":false,"pivot":{"x":20.492753982543947,"y":-2.1759557723999025,"z":9.357884407043457},"rotation":{"x":0.4425186812877655,"y":0.5327214598655701,"z":-0.3875117003917694,"w":0.6085230708122253},"size":19.820430755615236,"orthographic":false}