{"cameraMode":{"drawMode":0,"name":"Shaded","section":"Shading Mode"},"sceneLighting":false,"audioPlay":false,"sceneViewState":{"showFog":true,"showMaterialUpdate":false,"showSkybox":false,"showFlares":true,"showImageEffects":true,"showParticleSystems":true},"in2DMode":false,"pivot":{"x":-0.0931628942489624,"y":-0.508490800857544,"z":0.017462968826293947},"rotation":{"x":-0.0765843391418457,"y":0.9192948937416077,"z":-0.22380761802196504,"w":-0.314571738243103},"size":3.2147397994995119,"orthographic":false}